Structure,SMILES,SI Table numbers/name,Formal charge,Formal charge Class,Q_vsa_Ppos,Q_vsa_Ppos Class,vsa_don,vsa_don Class,PA Accum Class,PA Accum,EC accum
,[NH3+]CCNc1c2c([nH+]c(N3CCN(c4ccccc4)CC3)c1)cccc2,2.1,1.243,1,140,1,29.1,1,1,4540 ± 6*,6851 ± 73*
,[NH3+]CCC(c1ccccc1)Nc2cccc(c3n[nH]c4c3cnc(NCCN5CCOCC5)n4)c2,2.2,1.593,1,156,1,29.1,1,1,4367 ± 12*,7457 ± 348*
,[NH3+]CCC(c1ccccc1)Nc2nccc(c(n[nH]3)c4c3nc(NC5CCC(CC5)[NH3+])nc4)n2,2.3,1.997,1,149,1,46.9,1,1,3433 ± 12*,5600 ± 134*
,Fc1c(F)c(-c2n3c(C(Nc4ncc(C(=O)NCCOCC[NH3+])c(C)c4)=CC=C3)nc2)ccc1OC,2.4,1.429,1,80,1,29.1,1,1,2757 ± 277*,6846 ± 157*
,O=S1(c2ccccc2CN(CC1)c3cc(N4CC(CC4)[NH3+])c5cc(C)ccc5[nH+]3)=O,2.5,1.821,1,115,1,23.4,1,1,2667 ± 64*,3360 ± 17*
,O=C(N)c1cc2c(NCCC[NH3+])cc(N3Cc4c(S(=O)(=O)CC3)cccc4)[nH+]c2cc1,2.6,1.47,1,150,1,46.9,1,1,2650 ± 180*,5446 ± 50*
,O=C1NC(C2CN(CCC2)Cc3cn(c4ncc(C[NH3+])cn4)cn3)=NC(c5cccs5)=C1,2.7,1.81,1,142,1,23.4,1,1,2630 ± 370*,2109 ± 178*
,S(=O)(=O)(CC[NH3+])CCNc1c2c([nH+]c(N3Cc4c(S(=O)(=O)CC3)cccc4)c1)ccc(C)c2,2.8,0.61,0,127,1,29.1,1,1,2500 ± 32*,3215 ± 81*
,[NH3+]C[C@H]1c2c(C)cccc2[C@@H]2[C@@]31C[C@H]([NH3+])[C@](C)(C3)CC2,2.9,1.997,1,68,0,35.5,1,1,2490 ± 62*,946 ± 139*
,[NH3+]CCNc1c2c([nH+]c(N3Cc4c(cccc4)CCC3)c1)cccc2,2.1,1.259,1,114,1,29.1,1,1,2487 ± 156*,3150 ± 21*
,O=C(Nc1cc(CCC[NH3+])cnc1)c1cc2N=C(N)CC(C(=O)N(CCC)CCC)=Cc2cc1,2.11,1.221,1,102,1,41.2,1,1,2333 ± 224*,6314 ± 516*
,O=C(Nc1c2c(nc(N3Cc4c(S(=O)(=O)CC3)cccc4)c1)ccc(C)c2)C[NH3+],2.12,1.1,1,111,1,23.4,1,1,2207 ± 223*,2310 ± 166*
,FC(C(F)(C[NH3+])F)(CNc1cc(N2Cc3ccccc3S(=O)(CC2)=O)[nH+]c4ccc(C)cc14)F,2.13,0.401,0,103,1,11.4,0,1,2113 ± 398*,1535 ± 61*
,FC1(c2ccccc2CN(CC1)c3cc(NCC(C)[NH3+])c4cc(C)ccc4[nH+]3)F,2.14,1.245,1,106,1,29.1,1,1,2017 ± 33*,2898 ± 8*
,Clc1ccc(/C=C/c2nc(NCC[NH3+])c3c(n2)ccc(C)c3)cc1,2.15,1.491,1,90,1,23.4,1,1,1943 ± 41*,2926 ± 184*
,[NH3+]CC(c1ccccc1)Nc2nccc(c(n[n-]3)c4c3nc(NCCN5CCOCC5)nc4)n2,2.16,1.509,1,178,1,29.1,1,1,1923 ± 65*,9021 ± 17*
,O=S1(c2ccccc2CN(CC1)c3cc(N4CC(CC4)[NH3+])c5cnccc5n3)=O,2.17,2.177,1,148,1,23.4,1,1,1880 ± 6*,5143 ± 47*
,[NH3+][C@H]1c2nc3c(cc2[C@@H]([NH3+])CC1)cccc3,2.18,1.78,1,65,0,35.5,1,1,1860 ± 45*,2161 ± 66*
,O=S1(c2ccccc2CN(CC1)c3cc(N4C[C@H]5C([C@H]5C4)[NH3+])c6cc(C)ccc6[nH+]3)=O,2.19,2.022,1,106,1,17.7,0,1,1853 ± 18*,4769 ± 9*
,[NH3+]CC[C@H](c1ccccc1)Nc2nccc(c(n[nH]3)c4c3nc(NCCN5CCOCC5)nc4)n2,2.2,1.585,1,178,1,29.1,1,1,1823 ± 98*,6127 ± 151*
,[NH3+]Cc1ccc(-c2ccccc2)cc1,2.21,0.996,1,39,0,17.7,0,1,1817 ± 102*,616 ± 10*
,FC1(c2ccccc2CN(CC1)c3cc(N4CC(CC4)[NH3+])c5cc(C)ccc5[nH+]3)F,2.22,1.813,1,111,1,23.4,1,1,1783 ± 89*,2674 ± 12*
,O=C(C(CC)[NH3+])Nc1cc(N2Cc3ccccc3S(=O)(CC2)=O)nc4ccc(C)cc14,2.23,1.26,1,101,1,23.4,1,1,1757 ± 64*,909 ± 70*
,Fc1cc2c(cc1)CN(c1[nH+]c3c(c(NCC[NH3+])c1)cccc3)CCC2,2.24,1.253,1,114,1,29.1,1,1,1757 ± 206*,3593 ± 45*
,Fc1cc2c(NCC[NH3+])cc(N3Cc4c(cccc4)CCC3)[nH+]c2cc1,2.25,1.202,1,114,1,29.1,1,1,1749 ± 396*,3757 ± 20*
,[NH3+]CC(c1ccsc1)Nc2nccc(c(n[n-]3)c4c3nc(NCCN5CCOCC5)nc4)n2,2.26,1.538,1,178,1,29.1,1,1,1743 ± 7*,6389 ± 192*
,O=C(Nc1cc(CC[NH3+])cnc1)c1cc2N=C(N)CC(C(=O)N(CCC)CCC)=Cc2cc1,2.27,1.214,1,102,1,41.2,1,1,1740 ± 65*,4004 ± 147*
,Clc1c(NC(=O)C=2C(=O)Nc3nc(OC)ncc3C=2)cc(C(=O)NCCC[NH3+])cc1,2.28,0.753,0,132,1,34.8,1,1,1737 ± 63*,2366 ± 283*
,O=C(Nc1c2c(nc(N3Cc4c(cccc4)CCC3)c1)cccc2)C[NH3+],2.29,1.141,1,105,1,23.4,1,1,1727 ± 224*,2847 ± 5*
,O=C(N)[C@H]1c2c(C)cccc2[C@@H]2[C@@]31C[C@H]([NH3+])[C@](C)(C3)CC2,2.3,0.999,1,59,0,35.5,1,1,1623 ± 47*,851 ± 76*
,FC1(F)c2c(cccc2)CN(c2[nH+]c3c(c(NCC([NH3+])(C)C)c2)cc(C)cc3)CC1,2.31,1.268,1,103,1,29.1,1,1,1587 ± 182*,2114 ± 33*
,FC(F)(C[NH3+])CNc1c2c([nH+]c(N3Cc4c(S(=O)(=O)CC3)cccc4)c1)ccc(C)c2,2.32,0.641,0,123,1,29.1,1,1,1583 ± 42*,2492 ± 115*
,O=C(N)c1c(Nc2nc(C(C)(C)C)ccc2)cc(NCC2([NH3+])CC2)nn1,2.33,1.042,1,116,1,46.9,1,1,1577 ± 88*,1181 ± 73*
,S(=O)(=O)(c1cc(O)ccc1)c1cc2c([C@H](C[NH3+])CCC2)cc1,2.34,0.981,1,56,0,17.7,0,1,1573 ± 41*,1254 ± 115*
,O=S1(c2ccccc2CN(CC1)c3cc(NCC(C)[NH3+])c4cc(C)ccc4[nH+]3)=O,2.35,1.228,1,110,1,29.1,1,1,1420 ± 35*,4186 ± 35*
,O=C(NCC[NH3+])[C@@]1(C)[C@@H]2[C@@](C)(c3c([C@@H]([NH3+])C2)cc(C(C)C)cc3)CCC1,2.36,1.979,1,90,1,41.2,1,1,1380 ± 60*,1344 ± 25*
,O=S1c2ccccc2CN(CC1)c3nc(NCC4(COC4)C[NH3+])c5cc(CO)ccc5n3,2.37,1.667,1,198,1,29.1,1,1,1370 ± 25*,3747 ± 383*
,S(=O)(=O)(C)N1CCN(c2[nH+]c3c(c(NCC[NH3+])c2)cccc3)CC1,2.38,1.222,1,124,1,29.1,1,1,1360 ± 61*,1450 ± 37*
,[NH3+]C1c2c(-c3c1cccc3)cccc2,2.39,0.973,0,29,0,17.7,0,1,1327 ± 81*,617 ± 1*
,[NH3+]CC1CCN(c2nc(-c3cc4c(cc3)cccc4)ccn2)CC1,2.4,1.002,1,88,1,17.7,0,1,1303 ± 61*,40 ± 3
,O=C(N)c1c(N[C@H]2[C@@H]([NH3+])CCCC2)cc(Nc2nc(N3CCCC3)ccc2)nn1,2.41,1.063,1,146,1,46.9,1,1,1280 ± 32*,3887 ± 92*
,Clc1cccc(C(c2cc([C@@](c3c[nH]cn3C)(c4ccc(Cl)cc4)[NH3+])ccc2N5C)=CC5=O)c1,2.42,0.882,0,83,1,5.7,0,1,1253 ± 73*,629 ± 48*
,O=S1(=O)c2c(cccc2)CN(c2nc(NCCC[NH3+])c3sc(C)cc3n2)CC1,2.43,1.935,1,127,1,23.4,1,1,1213 ± 61*,3491 ± 81*
,O=C1C(c2c3c(n4c2C[C@@H](C[NH3+])CC4)cccc3)=C(c2c3c(n(C)c2)cccc3)C(=O)N1,2.44,0.997,1,74,0,23.4,1,1,1193 ± 27*,17 ± 7
,O=S1(=O)c2c(cccc2)CN(c2[nH+]c3c(c(NCC4([NH3+])CC4)c2)cc(C)cc3)CC1,2.45,1.22,1,107,1,29.1,1,1,1183 ± 52*,1708 ± 37*
,O=S1(=O)c2c(cccc2)CN(c2[nH+]c3c(c(NCC4([NH3+])CCC4)c2)cc(C)cc3)CC1,2.46,1.24,1,107,1,29.1,1,1,1173 ± 23*,2455 ± 95*
,Fc1cc2n(C)nc(-c3nc4c(C(=O)NC5CC([NH3+])C5)c[nH]c4nc3)c2cc1,2.47,1.002,1,82,1,23.4,1,1,1157 ± 46*,2805 ± 38*
,O[C@@]12[C@@H](C)C[C@]3([C@@H](C[NH3+])c4c(C)cccc4[C@H]3CC1)C2,2.48,0.998,1,49,0,17.7,0,1,1157 ± 69*,1650 ± 69*
,O=C(N)c1c(Nc2nc(C(OC)(C)C)ccc2)cc(NCC[NH3+])nn1,2.49,0.996,1,129,1,46.9,1,1,1150 ± 12*,1155 ± 39*
,O=S1(=O)c2c(cccc2)CN(c2[nH+]c3c(c(NCC([NH3+])(C)C)c2)cccc3)CC1,2.5,1.248,1,107,1,29.1,1,1,1113 ± 18*,3794 ± 86*
,Clc1c(-c2n(C)ncc2Cl)cc(C(=O)N[C@H](C[NH3+])Cc2cc(F)ccc2)s1,2.51,0.989,1,64,0,23.4,1,1,1113 ± 88*,393 ± 7*
,FC(F)(F)c1cc(F)c(-c2c3c([C@H]([NH3+])CCC3)cnc2)cc1,2.52,0.979,0,38,0,17.7,0,1,1111 ± 84*,1278 ± 39*
,Clc1cc(NC(=O)c2c3n(nc2)C=CC=N3)c(N2CCC(C[NH3+])CC2)cc1,2.53,0.999,1,104,1,23.4,1,1,1110 ± 45*,926 ± 28*
,O=C(N)c1c(Nc2nc(C)c(C)cc2)cc(NCC[NH3+])nn1,2.54,1.057,1,129,1,46.9,1,1,1080 ± 35*,2287 ± 5*
,O[C@@H]1[C@H](O)[C@@H](N)c2c([C@H]1[NH3+])cccc2,2.55,1.759,1,70,0,17.7,0,1,1062 ± 53*,1181 ± 86*
,Fc1cc2n(C)nc(-c3nc4c(C(=O)NC(CC[NH3+])(C)C)c[nH]c4nc3)c2cc1,2.56,1.005,1,89,1,23.4,1,1,1054 ± 36*,2315 ± 9*
,[NH3+][C@H]1[C@H](C)[C@@H]2C(C)(C)[C@H](C1)C2,2.57,0.999,1,29,0,17.7,0,1,1050 ± 20*,762 ± 65*
,FC(F)(F)c1ccc(Nc2cc3c(cc2)C[C@@H]([NH3+])CC3)cc1,2.58,0.998,1,47,0,23.4,1,1,1046 ± 154*,1290 ± 92*
,FC(F)(F)c1nc(-c2n[nH]c3c2ccnc3)nc(NCCC[NH3+])c1,2.59,1.029,1,111,1,23.4,1,1,1027 ± 49*,1731 ± 82*
,O=C(NC(C[NH3+])(C)C)c1c2nc(-c3n[nH]c4c3ccc(C)c4)cnc2[nH]c1,2.6,1.0,1,102,1,23.4,1,1,1025 ± 68*,2557 ± 145*
,FC(F)(F)c1ccc(NC(=O)Nc2cc3c(cc2)C[C@@H]([NH3+])CC3)cc1,2.61,0.998,1,73,0,29.1,1,1,986 ± 150*,1372 ± 182*
,FC(C[NH3+])(CNc1c2cc(C)ccc2nc(N3Cc4ccccc4S(=O)(CC3)=O)n1)F,2.62,0.769,0,138,1,29.1,1,1,985 ± 105*,1022 ± 129*
,FC(F)(F)c1cc(C(F)(F)F)cc(COc2cc(F)c(NC(=O)C[NH3+])cc2)c1,2.63,0.415,0,94,1,23.4,1,1,970 ± 79*,1039 ± 26*
,Clc1ccc(N2CCC(CC2)C(C)[NH3+])c(NC(c3cnn4c3N=CC=C4)=O)c1,2.64,0.999,1,94,1,23.4,1,1,946 ± 67*,737 ± 41*
,O[C@@]12C(=C)C[C@]3([C@@H](C[NH3+])c4c(C)cccc4[C@H]3CC1)C2,2.65,0.998,1,49,0,17.7,0,1,943 ± 77*,1335 ± 8*
,[NH3+][C@@H]1c2nccnc2[C@H](N)CC1,2.66,1.699,1,49,0,17.7,0,1,921 ± 73*,1461 ± 25*
,[NH3+]CCc1c2c([nH]c1)cccc2,2.67,0.999,1,48,0,23.4,1,1,905 ± 18*,792 ± 14*
,S(=O)(=O)(c1cc2OCCN(C(=O)NCC[NH3+])c2cc1)c1ccccc1,2.68,0.984,1,72,0,23.4,1,1,904 ± 67*,706 ± 52*
,Clc1ccc(C(NC(C2CCCCC2)CC[NH3+])=O)cc1NC(C(C(N3)=O)=Cc4c3nc(OC)nc4)=O,2.69,0.752,0,136,1,34.8,1,1,861 ± 26*,668 ± 54*
,Fc1c(OC2=NC=Nn3c2c(C)c(OC[C@H](OC(=O)[C@@H](N)C)C)c3)ccc2[nH]c(C)cc12,2.7,0.296,0,78,0,5.7,0,1,851 ± 67*,29 ± 5
,Clc(c1)ccc2c1nc(Cn3c4cnccc4c(S(=O)(C)=O)n3)n2C5CN(CC5)C(C[NH3+])=O,2.71,0.863,0,87,1,17.7,0,1,850 ± 8*,690 ± 46*
,Clc1cc([C@H]2[C@H](C(=O)NCCC[NH3+])N[C@@H](CC(C)(C)C)[C@]2(C#N)c2ccc(Cl)cc2)ccc1,2.72,1.012,1,93,1,23.4,1,1,847 ± 30*,717 ± 23*
,O=C(N)c1c(Nc2nc(C(C#N)(C)C)ccc2)cc(NCC[NH3+])nn1,2.73,0.993,1,149,1,46.9,1,1,838 ± 47*,1745 ± 76*
,O=C1NC[C@@H](c2cccs2)SC[C@@H]1[NH3+],2.74,0.38,0,45,0,5.7,0,1,838 ± 50*,1295 ± 3*
,S(=O)(=O)(c1cc2N(C(=O)NCC[NH3+])CCOc2cc1)c1ccccc1,2.75,0.984,1,72,0,23.4,1,1,828 ± 81*,762 ± 52*
,S(=O)(=O)(CC[NH3+])c1cc(C(F)(F)F)cc(C(=O)N(C)c2c(-c3c(OC)cc(F)cc3)ccnc2)c1,2.76,0.093,0,68,0,17.7,0,1,824 ± 60*,213 ± 4
,Clc(c1)ccc2c1n(C)nc2c(n3)cnc4c3c(C(NC5CC(CC5)[NH3+])=O)c[nH]4,2.77,1.007,1,82,1,23.4,1,1,823 ± 7*,2455 ± 167*
,FC(F)(F)c1nc(Nc2c(C(=O)N)nnc(NCC[NH3+])c2)ccc1,2.78,0.99,1,138,1,46.9,1,1,821 ± 34*,2189 ± 73*
,O=C1[C@]2(CO)C[C@]3([C@@H](C[NH3+])c4c(C)cccc4[C@H]3CC2)C1,2.79,0.997,1,58,0,17.7,0,1,818 ± 51*,1487 ± 58*
,S(CC[NH3+])c1cc(C(F)(F)F)cc(C(=O)N(C)c2c(-c3c(OC)cc(F)cc3)ccnc2)c1,2.8,1.039,1,61,0,17.7,0,1,787 ± 29*,312 ± 31*
,O[C@@]12C(=C)C[C@]3([C@@H](CC[NH3+])c4c(C)cccc4[C@H]3CC1)C2,2.81,0.999,1,49,0,17.7,0,1,780 ± 18*,1867 ± 179*
,FC(F)(F)Oc1cc(Nc2cc3c(cc2)C[C@@H]([NH3+])CC3)ccc1,2.82,0.998,1,53,0,23.4,1,1,766 ± 33*,1076 ± 37*
,Clc1c(OC2=CC(=O)N([C@H](C(=O)Nc3nn(C[C@@H]([NH3+])CO)cc3)CC(C)C)C2)cccc1,2.83,0.738,0,101,1,23.4,1,1,765 ± 104*,302 ± 25
,S(=O)(=O)(c1cc2c([C@H](CC[NH3+])CCC2)cc1)c1ccccc1,2.84,0.999,1,46,0,17.7,0,1,759 ± 25*,851 ± 68*
,Fc1cc(C(c2ccccc2)CC[NH3+])cc3c1[nH]cc3C#N,2.85,0.999,1,68,0,23.4,1,1,757 ± 35*,1281 ± 74*
,[NH3+]C1(c2ccc(-n3c(-c4c(N)nccc4)nc4c3nc(-c3ccccc3)cc4)cc2)CCC1,2.86,1.026,1,68,0,35.5,1,1,757 ± 90*,330 ± 30*
,Clc1cc2n(C)nc(-c3nc4c(C(=O)NC(C[NH3+])(C)C)c[nH]c4nc3)c2cc1,2.87,1.003,1,89,1,23.4,1,1,743 ± 106*,1568 ± 80*
,Clc1ccccc1C2C(C(OCC)=O)=C(NC(C)=C2C(OC)=O)COCC[NH3+],2.88,0.993,1,92,1,23.4,1,1,741 ± 45*,426 ± 7*
,S(=O)(=O)(c1cc(F)ccc1)c1cc2c([C@H](CNC(=O)C[NH3+])CCC2)cc1,2.89,0.711,0,67,0,23.4,1,1,730 ± 47*,447 ± 44*
,Clc1ccc(N2CC(CC2)C[NH3+])c(NC(c3cnn4c3N=CC=C4)=O)c1,2.9,0.998,1,104,1,23.4,1,1,724 ± 41*,1013 ± 8*
,Clc1cc(NC(=O)c2c3n(nc2)C=CC=N3)c(N2CCC([NH3+])CC2)cc1,2.91,0.997,1,94,1,23.4,1,1,700 ± 14*,836 ± 44*
,O=C1N([C@H]2[C@H]([C@H]([NH3+])C)C[C@@H]([C@@H](O)CC)O2)C=2N=C(N)NC(=O)C=2S1,2.92,0.987,1,129,1,41.2,1,1,690 ± 49*,521 ± 13*
,O=C(NC(c1ccccc1)c1ccccc1)CC[NH3+],2.93,0.98,0,64,0,23.4,1,1,670 ± 66*,840 ± 37*
,O=C(N)c1c(Nc2nc(C(C#N)(C)C)ccc2)cc(N[C@H]2[C@@H]([NH3+])CCCC2)nn1,2.94,0.996,1,129,1,46.9,1,1,666 ± 22*,450 ± 24*
,Clc1cc2N=C([C@H](N(C(=O)c3ccc(C)cc3)CCC[NH3+])C(C)C)N(Cc3ccccc3)C(=O)c2cc1,2.95,0.999,1,92,1,17.7,0,1,658 ± 113*,244 ± 31
,CC(c1c(C[NH3+])c(CC[C@]2([H])[C@]3(C)CCC[C@]2(CO)C)c3cc1)C,2.96,0.996,1,49,0,17.7,0,1,649 ± 26*,467 ± 44*
,Brc1cc2c(c(CN3C(=O)[C@@H](NC(=O)[C@@H]([NH3+])[C@@H](O)C)COc4c3ccc(C)c4)c(OC)cc2)cc1,2.97,0.399,0,90,1,23.4,1,1,638 ± 29*,107 ± 12
,O=C1[C@]2(C)C[C@]3([C@@H](C[NH3+])c4c(C)cccc4[C@H]3CC2)C1,2.98,0.998,1,48,0,17.7,0,1,629 ± 32*,1696 ± 117*
,O=S(c1cccc(F)c1)(c2ccc(C(CCC3)CCC[NH3+])c3c2)=O,2.99,0.999,1,46,0,17.7,0,1,622 ± 31*,790 ± 38*
,O=S(c1cccc(F)c1)(c2ccc(C(CCC3)CC[NH3+])c3c2)=O,2.1,0.999,1,46,0,17.7,0,1,616 ± 47*,854 ± 61*
,O=S(c1ccc(C(CCC2)CCC[NH3+])c2c1)(c3ccccc3)=O,2.101,0.999,1,46,0,17.7,0,1,610 ± 20*,560 ± 7*
,FC(F)(F)c1ncc(NC(=O)Nc2cc3c(cc2)C[C@@H]([NH3+])CC3)cc1,2.102,0.998,1,73,0,29.1,1,1,607 ± 51*,1685 ± 72*
,O(CCC[NH3+])c1c(c(OC)ccc1)-c1[nH]nc(Nc2ncc(C#N)nc2)c1,2.103,0.998,1,110,1,23.4,1,1,599 ± 26*,1131 ± 146*
,O=C([C@]1([C@@]2([H])[C@@](CCC1)(C)c3ccc(C(C)C)cc3C(C2)[NH3+])C)OC,2.104,0.994,1,44,0,17.7,0,1,596 ± 70*,477 ± 75*
,O=C(Nc1cc2[nH]c(-c3cn(C)nc3)c3c2c(C(=O)NN=C3)c1)[C@H]([NH3+])C1CCCCC1,2.105,0.658,0,98,1,38.5,1,1,594 ± 50*,1283 ± 54*
,O=C([C@]1([C@@]2([H])[C@@](CCC1)(C)c3ccc(C(C)C)c(C[NH3+])c3CC2)C)OC,2.106,0.996,1,54,0,17.7,0,1,591 ± 28*,710 ± 56*
,O=C(NC(c1ccccc1)c1ccccc1)C[NH3+],2.107,0.676,0,64,0,23.4,1,1,572 ± 30*,931 ± 90*
,[NH3+][C@@]1(C)[C@H]2[C@@](C)([C@H]3C(C=C(C(C)C)CC3)=CC2)CCC1,2.108,0.999,1,26,0,17.7,0,1,569 ± 54*,28 ± 6
,Fc1ccc2c(/C(C(N2)=O)=C/C3=C(OC)C=CN3)c1C#C[C@H]([C@H]([C@@H](C)O)[NH3+])O,2.109,0.863,0,85,1,29.1,1,1,563 ± 48*,1264 ± 58*
,FC(F)(c1ccc(OC(c2ccccc2)CC[NH3+])cc1)F,2.11,0.996,1,53,0,17.7,0,1,547 ± 12*,936 ± 203*
,O=C(N)c1c(Nc2nc(C(O)(C)C)ccc2)cc(N[C@H]2[C@@H]([NH3+])CCCC2)nn1,2.111,0.999,1,119,1,46.9,1,1,529 ± 37*,812 ± 94*
,FC(F)(F)c1n2c(nn1)CN(C(=O)C[C@H]([NH3+])Cc1c(F)cc(F)c(F)c1)CC2,2.112,0.91,0,64,0,17.7,0,1,514 ± 28*,275 ± 9
,O=C(NCC)[C@H]1c2c(C)cccc2[C@@H]2[C@@]31C[C@H]([NH3+])[C@](C)(C3)CC2,2.113,0.999,1,51,0,23.4,1,1,508 ± 10*,127 ± 10
,O=C(N[C@H]1[C@H](OC(CC)CC)C=C(C(=O)NCC[NH3+])C[C@@H]1[NH3+])C,2.114,1.849,1,119,1,46.9,1,1,505 ± 17*,895 ± 2*
,O=C(N)c1c(Nc2nc(CC)ccc2)cc(N[C@H]2[C@@H]([NH3+])CCCC2)nn1,2.115,1.052,1,109,1,46.9,1,1,500 ± 20*,724 ± 58*
,[NH3+]Cc1cccc(CC2N(CC[NH2+]C2)c3ccc4[nH]ncc4c3)c1,2.116,1.968,1,112,1,23.4,1,1,500 ± 112*,621 ± 55*
,[NH3+]Cc1ccc(C(C)(C)C)cc1,2.117,0.996,1,39,0,17.7,0,1,498 ± 54*,726 ± 19*
,O=C(OC)[C@H]1c2c(C)cccc2[C@@H]2[C@@]31CC(=O)[C@](C[NH3+])(C3)CC2,2.118,0.987,1,62,0,17.7,0,1,496 ± 12*,320 ± 29*
,Clc1ccc(C(NC(C2CCCCC2)C[NH3+])=O)cc1NC(C(C(N3)=O)=Cc4c3nc(OC)nc4)=O,2.119,0.744,0,136,1,34.8,1,1,491 ± 10*,317 ± 4*
,O=C1N(c2c(C(C)=C1)cc3c4c2OCC(N4C(C=C3C)=O)C[NH3+])C,2.12,0.885,0,68,0,17.7,0,1,484 ± 91*,1114 ± 135*
,O=C1Oc2c(C)c3oc(C)c(C[NH3+])c3cc2C(C)=C1,2.121,0.99,1,54,0,17.7,0,1,476 ± 36*,817 ± 203*
,O=[S@@H0]1c2c(cccc2)CN(c2[nH+]c3c(c(NCC4([NH3+])COC4)c2)cc(C)cc3)CC1,2.122,1.157,1,144,1,29.1,1,1,467 ± 25*,826 ± 117*
,[NH3+]C[C@@H]1[C@@]2([H])OC[C@@H](OS(c3ccc(c4ccccc4)cc3)(=O)=O)[C@@]2([H])OC1,2.123,0.989,1,51,0,17.7,0,1,453 ± 39*,1290 ± 76*
,O=C(N)c1c(Nc2nc(C)c(C)cc2)cc(N[C@H]2[C@@H]([NH3+])CCCC2)nn1,2.124,1.06,1,109,1,46.9,1,1,451 ± 34*,840 ± 76*
,[NH3+]C1CCC(Nc2nc(-n3nnc4c3cccc4)ccn2)CC1,2.125,1.0,1,74,0,23.4,1,1,439 ± 7*,540 ± 27*
,Clc1cccc(NC(c2ccc(CC(CC3)[NH3+])c3c2)=O)c1,2.126,0.998,1,51,0,23.4,1,1,438 ± 15*,1871 ± 75*
,Clc1ccc(-c2nc([C@@H]3[C@H](F)[C@@H](C[NH3+])O3)on2)cc1,2.127,0.92,0,78,0,17.7,0,1,429 ± 13*,2161 ± 133*
,S(=O)(=O)(c1cc2c([C@H](C[NH3+])CCC2)cc1)c1ccccc1,2.128,0.998,1,46,0,17.7,0,1,425 ± 25*,539 ± 10*
,Fc1c(C=2S[C@](CCC[NH3+])(N(C(=O)N(OC)C)N=2)c2ccccc2)cc(F)cc1,2.129,0.999,1,65,0,17.7,0,1,422 ± 22*,99 ± 3
,[NH3+]Cc1c(C(C)C)cc(CC[C@]2([H])[C@]3(C)CCC[C@]2(CO)C)c3c1,2.13,0.996,1,49,0,17.7,0,1,414 ± 20*,196 ± 29
,FC(F)(C(CCNc1cc(N2Cc3ccccc3S(=O)(CC2)=O)[nH+]c4ccc(C)cc14)N)F,2.131,0.619,0,108,1,11.4,0,1,413 ± 40*,154 ± 4
,Fc1ccc(-c2ccc(C[NH3+])cc2)cc1,2.132,0.996,1,39,0,17.7,0,1,408 ± 3*,894 ± 43*
,Clc1ccc(N2CC(CC2)[NH3+])c(NC(c3cnn4c3N=CC=C4)=O)c1,2.133,0.992,1,94,1,23.4,1,1,406 ± 8*,796 ± 59*
,O=S(Nc1ccc(C(CCC2)C[NH3+])c2c1)(c3cccc(F)c3)=O,2.134,0.222,0,58,0,25.8,1,1,403 ± 13*,494 ± 2*
,S(=O)(=O)(NCCCCCC[NH3+])c1c2c(ccc1)cccc2,2.135,0.999,1,58,0,25.8,1,1,399 ± 63*,108 ± 17
,O(C)c1cc2c([C@@H]3SC(=O)N4[C@H]3C[C@@H]([C@@H](C=C)C[NH3+])CC4)ccnc2cc1,2.136,1.044,1,64,0,17.7,0,1,399 ± 79*,458 ± 58*
,O=S1c2ccccc2CN(CC1)c3nc(NCC4(COC4)[NH3+])c5ccccc5n3,2.137,1.196,1,159,1,29.1,1,1,388 ± 6*,3066 ± 366*
,[NH3+]CCC(c1ccccc1)c2ccccc2,2.138,0.999,1,17,0,0,0,1,364 ± 45*,61 ± 3
,FC(F)(F)c1n2c(nn1)CN(C(=O)C[C@H](NC(=O)C[NH3+])Cc1c(F)cc(F)c(F)c1)CC2,2.139,0.682,0,99,1,23.4,1,1,359 ± 40*,42 ± 5
,O=C(OC[C@]12C(=O)C[C@@]3([C@@H](C(=O)OC)c4c(C)cccc4[C@H]3CC1)C2)CN,2.14,0.163,0,55,0,0,0,1,353 ± 83*,328 ± 56
,[NH3+]CC(c1ccccc1)c1ccccc1,2.141,0.997,1,39,0,17.7,0,1,351 ± 28*,1155 ± 85*
,[NH3+]C(c1ccccc1)c1ccccc1,2.142,0.987,1,29,0,17.7,0,1,346 ± 18*,415 ± 21*
,O=C(OCC1c2c(-c3c1cccc3)cccc2)N1CCC([NH3+])CC1,2.143,0.994,1,48,0,17.7,0,1,337 ± 23*,1181 ± 33*
,Fc1cc(C(c2ccccc2)CC[NH3+])cc3c1n(C)cc3C#N,2.144,0.999,1,59,0,17.7,0,1,332 ± 10*,911 ± 60*
,OCCCOc1cccc(C(C[NH3+])O)c1,2.145,0.991,1,65,0,17.7,0,1,330 ± 12*,1731 ± 82*
,FC(F)(F)c1n2c(nn1)CN(C(=O)C[C@H](NC(=O)CC[NH3+])Cc1c(F)cc(F)c(F)c1)CC2,2.146,0.98,0,99,1,23.4,1,1,323 ± 6*,268 ± 22
,O=C(C[NH3+])NCC(c1cc(OC)ccc1OC)O,2.147,0.683,0,76,0,23.4,1,1,322 ± 4*,244 ± 15
,O[C@@]12C(=C)C[C@]3([C@@H]([NH3+])c4c(C)cccc4[C@H]3CC1)C2,2.148,0.992,1,39,0,17.7,0,1,320 ± 37,756 ± 94*
,O=C(O[C@@]12C(=C)C[C@]3([C@@H](C[NH3+])c4c(C)cccc4[C@H]3CC1)C2)C,2.149,0.998,1,54,0,17.7,0,1,317 ± 43,922 ± 46*
,F[C@@H]([C@H](O)C(F)(F)F)[C@@](N)(C)c1c(F)ccc(NC(=O)c2c(C)cc(C#N)cn2)n1,2.15,0.063,0,102,1,5.7,0,1,307 ± 129,132 ± 23
,O=C(OC)[C@@]1(C)[C@@H]2[C@@](C)(c3c(cc(C(C)C)c(C[NH3+])c3)CC2)CCC1,2.151,0.996,1,54,0,17.7,0,1,305 ± 3*,749 ± 23*
,FC(F)(c1ccc(CNC(c2ccc(CC(CC3)[NH3+])c3c2)=O)cc1)F,2.152,0.998,1,73,0,23.4,1,1,304 ± 20*,944 ± 56*
,Cc1ccc(S(O[C@@H]2CO[C@@]3([H])[C@]2([H])OC[C@@H]3C[NH3+])(=O)=O)cc1,2.153,0.989,1,51,0,17.7,0,1,301 ± 31*,632 ± 33*
,O=C(Nc1cc2OC[C@H]([NH3+])Cc2cc1)c1c(C)c(OCC)n[nH]1,2.154,0.965,0,76,0,23.4,1,1,287 ± 2,899 ± 55*
,O=C1N(C)c2c(cc(-c3c4c([C@H]([NH3+])CCC4)cnc3)cc2)CC1,2.155,0.983,1,42,0,17.7,0,1,287 ± 17,437 ± 28*
,[NH3+][C@@H]1[C@@]2([H])OC[C@@H](OS(c3ccc(c4ccccc4)cc3)(=O)=O)[C@@]2([H])OC1,2.156,0.836,0,41,0,17.7,0,1,282 ± 37,1965 ± 108*
,O(C)c1c(C[NH3+])ccc(OC)c1,2.157,0.99,1,39,0,17.7,0,1,279 ± 7,206 ± 22
,[NH3+][C@@H]1[C@@]2([H])OC[C@@H](OS(c3ccccc3)(=O)=O)[C@@]2([H])OC1,2.158,0.837,0,41,0,17.7,0,1,278 ± 31,616 ± 30*
,O=S(c1cc2c([C@@H](CCC2)C[NH3+])cc1)(C3=NC=CN3C)=O,2.159,0.997,1,46,0,17.7,0,1,274 ± 55,276 ± 34
,O=C(NCC(C)C)[C@H]1c2c(C)cccc2[C@@H]2[C@@]31C[C@H]([NH3+])[C@](C)(C3)CC2,2.16,0.999,1,51,0,23.4,1,1,270 ± 5,67 ± 1
,Clc1c(-c2n(C)ncc2Cl)cc(C(=O)N[C@H](C[NH3+])Cc2cc(F)c(F)cc2)o1,2.161,0.984,1,75,0,23.4,1,0,259 ± 22,104 ± 9
,FC(F)(F)c1cnc(Nc2cc3c(cc2)C[C@@H]([NH3+])CC3)nc1,2.162,0.998,1,62,0,.23.4,1,0,257 ± 26,1092 ± 62*
,O[C@@H]([C@@H]([NH3+])C)c1cc(O)c(O)cc1,2.163,0.961,0,65,0,17.7,0,0,253 ± 4,462 ± 11*
,O=C(N(CC)CC)[C@]1([C@@H](C[NH3+])C1)c1ccccc1,2.164,0.997,1,52,0,17.7,0,0,251 ± 5,445 ± 29
,O=C(Nc1cc2OC[C@H]([NH3+])Cc2cc1)c1c(C)c(CC)[nH]n1,2.165,0.974,0,70,0,23.4,1,0,245 ± 7,555 ± 38*
,O=C1[C@]2(C)[C@@H](O)[C@H](O1)C=C1[C@H]2[C@H]([NH3+])[C@@]23[C@H]1CC[C@@](O)(C(=C)C2)C3,2.166,0.987,1,69,0,17.7,0,0,242 ± 5,330 ± 78*
,O=C1N(CC[NH3+])N=C(c2cc3c(cc2)CCC3)c2c1cccc2,2.167,0.882,0,59,0,17.7,0,0,242 ± 19,282 ± 4*
,S(=O)(=O)(c1c([O-])c2c([C@H](C[NH3+])CCC2)cc1)c1cc(F)ccc1,2.168,0.747,0,46,0,17.7,0,0,241 ± 25,402 ± 113*
,[NH3+][C@@H]1[C@@]2([H])OC[C@@H](OCc3ccccc3)[C@@]2([H])OC1,2.169,0.889,0,44,0,17.7,0,0,240 ± 18,552 ± 12*
,Nc1ccc(S(O[C@@H]2CO[C@@]3([H])[C@]2([H])OC[C@@H]3[NH3+])(=O)=O)cc1,2.17,0.837,0,58,0,35.5,1,0,235 ± 17,331 ± 68
,S(=O)(=O)(NCC[NH3+])c1c2c(cncc2)ccc1,2.171,0.99,1,58,0,25.8,1,0,235 ± 38,316 ± 12*
,O(C)c1c(OC)ccc(CC[NH3+])c1,2.172,0.998,1,39,0,17.7,0,0,233 ± 17,255 ± 19
,O=S(C1=CC=CC=C1)(c2ccc([C@@H](CCC3)C[NH3+])c3c2)=O,2.173,0.998,1,46,0,17.7,0,0,232 ± 4,245 ± 4
,O[C@@H](CC[NH3+])C[C@@H](CC[C@H]1[C@H](C=CC2=C[C@H](C)C[C@H](O)[C@@]21[H])C)O,2.174,0.998,1,70,0,17.7,0,0,231 ± 13,323 ± 60
,Clc1ccc(-c2ccc(C[NH3+])cc2)cc1,2.175,0.996,1,39,0,17.7,0,0,231 ± 24,525 ± 115*
,O=C(N[C@@H](C(=O)N1C[C@](C(=O)N(N(C)C)C)(Cc2ccccc2)CCC1)Cc1c2c([nH]c1)cccc2)C([NH3+])(C)C,2.176,0.852,0,85,1,29.1,1,0,226 ± 12,426 ± 7*
,O=C1N(c2ccc(c3cncc(C[NH3+])c3)cc2CC1)C,2.177,0.979,0,30,0,0,0,0,225 ± 7,301 ± 11
,COc(c1)ccc2c1c([C@@H]([C@H]3[N@](C[C@@H]4C=C)CC[C@H]4C3)N)ccn2,2.178,1.132,1,65,0,0,0,0,224 ± 11,167 ± 12
,Clc1ccc(C(N(C2)c3cncc4c3CCCC4[NH3+])=O)c2c1,2.179,0.984,1,55,0,17.7,0,0,222 ± 11,500 ± 10*
,O=C(N[C@H]1[C@H](OC(CC)CC)C=C(C(=O)OCC)C[C@@H]1[NH3+])C,2.18,0.82,0,73,0,23.4,1,0,218 ± 3,83 ± 11
,[NH3+][C@@H]1[C@@]2([H])OC[C@@H](OS(=O)(c3ccc(Br)cc3)=O)[C@@]2([H])OC1,2.181,0.836,0,41,0,17.7,0,0,217 ± 3,1647 ± 108*
,O(CC)c1ccc(/C=C\2/C(=O)N(CC[NH3+])C(=O)S/2)cc1,2.182,0.915,0,67,0,17.7,0,0,217 ± 29,140 ± 18
,F[C@@H]1[C@@H](C[NH3+])O[C@@H]1c1onc(-c2ccccc2)n1,2.183,0.92,0,78,0,17.7,0,0,213 ± 1,1867 ± 127*
,O(C)c1cc(Nc2cc3c(cc2)C[C@@H]([NH3+])CC3)ccc1,2.184,0.998,1,38,0,23.4,1,0,213 ± 39,1040 ± 77*
,S(=O)(=O)(c1cc(F)c2[C@H](C[NH3+])CCCc2c1)c1cc(F)ccc1,2.185,0.997,1,46,0,17.7,0,0,212 ± 3,541 ± 136*
,O=S1c2ccccc2CN(CC1)c(nc3NCC4(COC4)[NH3+])nc5c3sc(C)c5,2.186,1.406,1,151,1,23.4,1,0,212 ± 16,549 ± 6*
,O=C1N(c2cnc(C[NH3+])nc2)c2c(C1(C)C)ccc(-c1cnc(C)nc1)c2,2.187,0.908,0,74,0,17.7,0,0,193 ± 3,130 ± 1
,O=[S@H0]1c2c(cccc2)CN(c2nc(NCC3([NH3+])COC3)c3sccc3n2)CC1,2.188,1.403,1,151,1,23.4,1,0,191 ± 5,275 ± 51
,O=C1N(C)C(=O)C=CN1Cc1c(C[NH3+])cccc1,2.189,0.994,1,83,1,17.7,0,0,185 ± 14,294 ± 0
,O=S(N(c1ccc(C(CCC2)C[NH3+])c2c1)C)(c3cccc(F)c3)=O,2.19,0.999,1,49,0,17.7,0,0,182 ± 20,231 ± 30
,FC(F)(F)c1ccc(/C(=N\OCC[NH3+])/CCCCOC)cc1,2.191,0.952,0,55,0,17.7,0,0,168 ± 5,n.d.
,O=C([C@H](C(C)C)[NH3+])O[C@H]1[C@@H](C[NH+]2[C@@](C1)([H])c3cc(OC)c(OC)cc3CC2)CC(C)C,2.192,1.257,1,73,0,0,0,0,167 ± 20,119 ± 21
,N#C[C@H]1N(C([C@H]([C@]2(C[C@@H](C3)C4)C[C@]4(O)C[C@@H]3C2)[NH3+])=O)[C@@H](C5)[C@@H]5C1,2.193,0.704,0,76,0,17.7,0,0,163 ± 18,205 ± 12
,Cc1ccc(S(O[C@@H]2CO[C@@]3([H])[C@]2([H])OC[C@@H]3[NH3+])(=O)=O)cc1,2.194,0.837,0,41,0,17.7,0,0,163 ± 39,877 ± 29*
,[NH3+]C1c2cncc(c3ccc(C#N)cc3)c2CCC1,2.195,0.98,0,49,0,17.7,0,0,161 ± 12,929 ± 39*
,O(CC[NH3+])c1cc(-c2cc3c(N(C)C(=O)CC3)cc2)cnc1,2.196,0.986,1,52,0,17.7,0,0,158 ± 14,370 ± 21*
,O=C1[C@@]2([C@](CC1)([H])[C@@]3([H])[C@@](CC2)([H])c4ccc(C[NH3+])cc4CC3)C,2.197,0.996,1,48,0,17.7,0,0,148 ± 11,208 ± 28
,O=C1N(c2ccc(c3cncc(O[C@H]4CCC(CC4)[NH3+])c3)cc2CC1)C,2.198,1.003,1,42,0,17.7,0,0,146 ± 2,222 ± 7
,OC1=C(OC)C=CC2=C1[C@@]3(CC[N@H+]4C)[C@@](C[C@@H](OC)[C@H]([NH3+])C3)([H])[C@@H]4C2,2.199,1.966,1,88,1,17.7,0,0,141 ± 4,256 ± 11
,O=C(N[C@@H]1C(=O)N(C(C)C)c2c(OC31CCOCC3)cccc2)[C@@H]([NH3+])C,2.2,0.734,0,70,0,23.4,1,0,137 ± 11,17 ± 0
,Fc1c(N2CCOCC2)ccc(N2C(=O)O[C@@H](C[NH3+])C2)c1,2.201,0.883,0,85,1,17.7,0,0,136 ± 2,658 ± 42*
,[NH3+][C@@H](c1ccccc1)[C@H](C2=CC=CC=C2)NS(=O)([C@]3(C4(C)C)CC[C@@H]4CC3=O)=O,2.202,0.988,1,59,0,25.8,1,0,135 ± 3,53 ± 4
,O=C([C@@H](C[C@@H]([C@H](C[C@H](Cc1ccc(OC)c(OCCCOC)c1)C(C)C)[NH3+])O)C(C)C)NCC(C)(C)C(N)=O,2.203,0.995,1,91,1,41.2,1,0,132 ± 15,43 ± 1
,O=C1[C@@H](C)[C@H]2[C@@H](O1)c1c(C)c(C[NH3+])cc(C)c1CC2,2.204,0.995,1,59,0,17.7,0,0,131 ± 67,272 ± 18
,O=C(OC)[C@H]1c2c(C)cccc2[C@]2([NH3+])[C@]31C[C@@H](C)[C@@](O)(C3)CC2,2.205,0.978,0,51,0,17.7,0,0,130 ± 6,221 ± 26
,FC(F)(F)c1nc(C(=O)Nc2cc3c(cc2)C[C@H]([NH3+])CC3)cc(C)n1,2.206,0.998,1,78,0,23.4,1,0,119 ± 27,142 ± 11
,O(C)c1c(OC)cc2c([C@H]3N(C[C@H](N4C(=O)OCC4)[C@@H]([NH3+])C3)CC2)c1,2.207,1.175,1,54,0,17.7,0,0,118 ± 7,125 ± 2
,Clc1ccc([C@@H](NC(=O)C2(N)CCN(c3ncnc4[nH]ccc34)CC2)CCO)cc1,2.208,0.613,0,120,1,5.7,0,0,114 ± 2,135 ± 9
,O=C1N(c2ccc(c3cncc(C4(CC4)[NH3+])c3)cc2CC1)C,2.209,0.979,0,52,0,17.7,0,0,113 ± 1,495 ± 96
,O=C(OC)[C@H]1c2c(C)cccc2[C@]2([NH3+])[C@]31C[C@H](C)[C@@](O)(C3)CC2,2.21,0.978,0,51,0,17.7,0,0,113 ± 18,215 ± 53
,Fc1cc(CN2C(=O)N(C)C(=O)C=C2N2C[C@H]([NH3+])CCC2)c(C#N)cc1,2.211,1.89,1,130,1,17.7,0,0,105 ± 3,189 ± 7
,O=S(C)(n1cc(CN(C2)[C@@H]3C[C@@H]([C@H](OC3)c4c(F)ccc(F)c4)[NH3+])c2n1)=O,2.212,1.229,1,82,1,17.7,0,0,99 ± 7,223 ± 6
,Clc1nc(Cl)cc(C(=O)Nc2cc3OC[C@H]([NH3+])Cc3cc2)c1,2.213,0.973,0,69,0,23.4,1,0,97 ± 26,1369 ± 164*
,O=C(N[C@@H](C1)[C@H](CN2[C@@H]1c3cc(OC)c(OC)cc3CC2)[NH3+])OC(C)(C)C,2.214,0.992,1,63,0,23.4,1,0,92 ± 1,267 ± 7
,O=C(Nc1c2c(nc(N3Cc4c(S(=O)(=O)CC3)cccc4)c1)ccc(C)c2)C([NH3+])(C)C,2.215,1.362,1,98,1,23.4,1,0,92 ± 6,273 ± 4
,S(CC(=O)O[C@H]1[C@]2(C)[C@H](C)CC[C@]3([C@@H](C)[C@H](O)[C@@](C=C)(C)C1)[C@H]2C(=O)CC3)CC[NH3+],2.216,0.998,1,73,0,17.7,0,0,88 ± 4,20 ± 5
,FC(F)(F)c1nc(C(=O)Nc2cc3OC[C@@H]([NH3+])Cc3cc2)cc(C)n1,2.217,0.973,0,78,0,23.4,1,0,87 ± 3,208 ± 4
,O=C1N(Cc2c(C#N)cccc2)C(N2C[C@H]([NH3+])CCC2)=CC(=O)N1C,2.218,1.89,1,130,1,17.7,0,0,86 ± 10,141 ± 9
,O(C)[C@H]1[C@@H](C[NH3+])O[C@@H]1c1onc(-c2ccccc2)n1,2.219,0.963,0,78,0,17.7,0,0,83 ± 0,907 ± 142*
,O=C(N[C@@H]1[C@@H]([NH3+])C[C@@H]2N(C1)CCc1c2cc(OC)c(OC)c1)C1CC1,2.22,1.25,1,57,0,23.4,1,0,81 ± 3,99 ± 2
,FC(F)(c1c(C(CC(C)(C2)C)=O)c2n(c3ccc(C(N)=O)c(N[C@H]4CC[C@@H](CC4)OC(CN)=O)c3)n1)F,2.221,0.183,0,91,1,23.4,1,0,79 ± 8,63 ± 6
,O=C1N(Cc2nc(C)c3c(n2)cccc3)C(=O)c2n(CC#CC)c(N3C[C@H]([NH3+])CCC3)nc2N1C,2.222,0.991,1,157,1,17.7,0,0,74 ± 4,110 ± 5
,Clc(c1)ccc2c1nc(CN3C(C4(CC4)c5ccncc53)=O)n2CC6(COC6)[NH3+],2.223,0.448,0,80,1,0,0,0,74 ± 4,97 ± 2
,O=C(O[C@H]1[C@]2(C)[C@H](C)CC[C@]3([C@@H](C)[C@H](O)[C@@](C=C)(C)C1)[C@H]2C(=O)CC3)CN,2.224,0.177,0,51,0,0,0,0,74 ± 7,154 ± 18
,O=C1N(C)c2c(cc(-c3cc([C@H]([NH3+])C)cnc3)cc2)CC1,2.225,0.985,1,42,0,17.7,0,0,72 ± 1,258 ± 28
,Clc1cc(c2cc3c(C(CC3)NC(C4(CC4)[NH3+])=O)nc2)c(c5nnn(C)n5)c(F)c1,2.226,0.772,0,63,0,23.4,1,0,72 ± 8,87 ± 5
,FC(F)(F)c1nc(C(=O)Nc2cc3OC[C@H]([NH3+])Cc3cc2)cc(C)n1,2.227,0.973,0,78,0,23.4,1,0,71 ± 6,127 ± 8
,CC([C@@H](C(OC[C@@H](OCn1c2c(C(NC(N)=N2)=O)nc1)CO)=O)[NH3+])C,2.228,0.352,0,119,1,23.4,1,0,70 ± 7,165 ± 9
,O=C1[C@]2(C)C[C@]3([C@@H]([NH3+])c4c(C)cccc4[C@H]3CC2)C1,2.229,0.989,1,37,0,17.7,0,0,61 ± 8,515 ± 50*
,Fc1c(F)cccc1[C@H]1[C@H]([NH3+])c2c([C@H](OC(=O)N3CCC(N4C(=O)Nc5ncccc45)CC3)CC1)nccc2,2.23,0.888,0,94,1,23.4,1,0,50 ± 2,86 ± 16
,CC([C@@H](C(OCCOCn1c2c(C(NC(N)=N2)=O)nc1)=O)[NH3+])C,2.231,0.36,0,109,1,23.4,1,0,44 ± 5,141 ± 6
,Clc1nc(Cl)cc(C(=O)Nc2cc3c(cc2)C[C@@H]([NH3+])CC3)c1,2.232,0.998,1,69,0,23.4,1,0,42 ± 13,768 ± 24*
,FC(F)(F)c1cnc(C(=O)Nc2cc3OC[C@H]([NH3+])Cc3cc2)nc1,2.233,0.973,0,71,0,23.4,1,0,39 ± 7,418 ± 24*
,O(C)c1c(OC)cc2c([C@H]3N(C[C@H](n4cccc4)[C@@H]([NH3+])C3)CC2)c1,2.234,1.158,1,32,0,17.7,0,0,33 ± 4,20 ± 2
,O(C)c1c(OC)cc2c([C@H]3N(C[C@H](n4cc(C)cc4)[C@@H]([NH3+])C3)CC2)c1,2.235,1.156,1,32,0,17.7,0,0,23 ± 3,17 ± 1
,O=C(N[C@@H]1C(=O)N(Cc2c(OC)ccc3c2cccc3)c2c(N(C(=O)c3ccc(N)cc3)C1)cccc2)[C@@H]([NH3+])C,2.236,0.737,0,110,1,41.2,1,0,14 ± 0,11 ± 0
,NCC(O[C@H]1[C@@]2([H])OC[C@@H](OS(=O)(c3ccc(Br)cc3)=O)[C@@]2([H])OC1)=O,2.237,0.135,0,43,0,0,0,0,2 ± 1,10 ± 1
,O(C)[C@H]1[C@@H](C[NH3+])O[C@@H]1c1onc(-c2ccncc2)n1,2.238,0.996,1,78,0,17.7,0,0,0 ± 0,14 ± 5
,CC(O[C@@H]1CO[C@@]2([H])[C@]1([H])OC[C@@H]2[NH3+])=O,2.239,0.859,0,44,0,17.7,0,0,0 ± 0,372 ± 3*
,NCC(O[C@@H]1CO[C@@]2([H])[C@]1([H])OC[C@@H]2[NH3+])=O,2.24,0.993,1,61,0,17.7,0,0,0 ± 0,23 ± 0
,FC(F)(F)c1nc(C(=O)Nc2cc3OC[C@H]([NH3+])Cc3cc2)cc(C)n1,2.227,0.973,0,78,0,23.4,1,0,71 ± 6,127 ± 8
,COc(c1)ccc2c1c([C@@H]([C@H]3[N@](C[C@@H]4C=C)CC[C@H]4C3)N)ccn2,2.178,1.132,1,65,0,0,0,0,224 ± 11,167 ± 12
,O=C1N(Cc2c(C#N)cccc2)C(N2C[C@H]([NH3+])CCC2)=CC(=O)N1C,2.218,1.89,1,130,1,17.7,0,0,86 ± 10,141 ± 9
,Clc1ccc([C@@H](NC(=O)C2(N)CCN(c3ncnc4[nH]ccc34)CC2)CCO)cc1,2.208,0.613,0,120,1,5.7,0,0,114 ± 2,135 ± 9
,O(C)c1c(OC)cc2c([C@H]3N(C[C@H](n4cccc4)[C@@H]([NH3+])C3)CC2)c1,2.234,1.158,1,32,0,17.7,0,0,33 ± 4,20 ± 2
,N#C[C@H]1N(C([C@H]([C@]2(C[C@@H](C3)C4)C[C@]4(O)C[C@@H]3C2)[NH3+])=O)[C@@H](C5)[C@@H]5C1,2.193,0.704,0,76,0,17.7,0,0,163 ± 18,205 ± 12
,O(C)c1c(OC)cc2c([C@H]3N(C[C@H](N4C(=O)OCC4)[C@@H]([NH3+])C3)CC2)c1,2.207,1.175,1,54,0,17.7,0,0,118 ± 7,125 ± 2
,O=S1c2ccccc2CN(CC1)c(nc3NCC4(COC4)[NH3+])nc5c3sc(C)c5,2.186,1.406,1,151,1,23.4,1,0,212 ± 16,549 ± 6*
,CC(O[C@@H]1CO[C@@]2([H])[C@]1([H])OC[C@@H]2[NH3+])=O,2.239,0.859,0,44,0,17.7,0,0,0 ± 0,372 ± 3*
,O=C1[C@@]2([C@](CC1)([H])[C@@]3([H])[C@@](CC2)([H])c4ccc(C[NH3+])cc4CC3)C,2.197,0.996,1,48,0,17.7,0,0,148 ± 11,208 ± 28
,O=C1[C@]2(C)C[C@]3([C@@H]([NH3+])c4c(C)cccc4[C@H]3CC2)C1,2.229,0.989,1,37,0,17.7,0,0,61 ± 8,515 ± 50*
,O=C(OC)[C@H]1c2c(C)cccc2[C@]2([NH3+])[C@]31C[C@H](C)[C@@](O)(C3)CC2,2.21,0.978,0,51,0,17.7,0,0,113 ± 18,215 ± 53
,S(CC(=O)O[C@H]1[C@]2(C)[C@H](C)CC[C@]3([C@@H](C)[C@H](O)[C@@](C=C)(C)C1)[C@H]2C(=O)CC3)CC[NH3+],2.216,0.998,1,73,0,17.7,0,0,88 ± 4,20 ± 5
,CC([C@@H](C(OC[C@@H](OCn1c2c(C(NC(N)=N2)=O)nc1)CO)=O)[NH3+])C,2.228,0.352,0,119,1,23.4,1,0,70 ± 7,165 ± 9
,O[C@@H]([C@@H]([NH3+])C)c1cc(O)c(O)cc1,2.163,0.961,0,65,0,17.7,0,0,253 ± 4,462 ± 11*
,O=C(N[C@@H]1C(=O)N(C(C)C)c2c(OC31CCOCC3)cccc2)[C@@H]([NH3+])C,2.2,0.734,0,70,0,23.4,1,0,137 ± 11,17 ± 0
,FC(F)(F)c1nc(C(=O)Nc2cc3OC[C@H]([NH3+])Cc3cc2)cc(C)n1,2.227,0.973,0,78,0,23.4,1,0,71 ± 6,127 ± 8
,Clc1ccc([C@@H](NC(=O)C2(N)CCN(c3ncnc4[nH]ccc34)CC2)CCO)cc1,2.208,0.613,0,120,1,5.7,0,0,114 ± 2,135 ± 9
,O=C1N(Cc2nc(C)c3c(n2)cccc3)C(=O)c2n(CC#CC)c(N3C[C@H]([NH3+])CCC3)nc2N1C,2.222,0.991,1,157,1,17.7,0,0,74 ± 4,110 ± 5
,O=C1N(c2ccc(c3cncc(C4(CC4)[NH3+])c3)cc2CC1)C,2.209,0.979,0,52,0,17.7,0,0,113 ± 1,495 ± 96
,S(=O)(=O)(c1c([O-])c2c([C@H](C[NH3+])CCC2)cc1)c1cc(F)ccc1,2.168,0.747,0,46,0,17.7,0,0,241 ± 25,402 ± 113*
,Clc1nc(Cl)cc(C(=O)Nc2cc3OC[C@H]([NH3+])Cc3cc2)c1,2.213,0.973,0,69,0,23.4,1,0,97 ± 26,1369 ± 164*
,O=[S@H0]1c2c(cccc2)CN(c2nc(NCC3([NH3+])COC3)c3sccc3n2)CC1,2.188,1.403,1,151,1,23.4,1,0,191 ± 5,275 ± 51
,[NH3+]C1c2cncc(c3ccc(C#N)cc3)c2CCC1,2.195,0.98,0,49,0,17.7,0,0,161 ± 12,929 ± 39*
,NCC(O[C@H]1[C@@]2([H])OC[C@@H](OS(=O)(c3ccc(Br)cc3)=O)[C@@]2([H])OC1)=O,2.237,0.135,0,43,0,0,0,0,2 ± 1,10 ± 1
,Fc1c(N2CCOCC2)ccc(N2C(=O)O[C@@H](C[NH3+])C2)c1,2.201,0.883,0,85,1,17.7,0,0,136 ± 2,658 ± 42*
,O=C(N(CC)CC)[C@]1([C@@H](C[NH3+])C1)c1ccccc1,2.164,0.997,1,52,0,17.7,0,0,251 ± 5,445 ± 29
,Fc1c(F)cccc1[C@H]1[C@H]([NH3+])c2c([C@H](OC(=O)N3CCC(N4C(=O)Nc5ncccc45)CC3)CC1)nccc2,2.23,0.888,0,94,1,23.4,1,0,50 ± 2,86 ± 16
,O=C1N(C)c2c(cc(-c3cc([C@H]([NH3+])C)cnc3)cc2)CC1,2.225,0.985,1,42,0,17.7,0,0,72 ± 1,258 ± 28
,O=C(N[C@@H]1C(=O)N(Cc2c(OC)ccc3c2cccc3)c2c(N(C(=O)c3ccc(N)cc3)C1)cccc2)[C@@H]([NH3+])C,2.236,0.737,0,110,1,41.2,1,0,14 ± 0,11 ± 0
,[NH3+]C1c2cncc(c3ccc(C#N)cc3)c2CCC1,2.195,0.98,0,49,0,17.7,0,0,161 ± 12,929 ± 39*
,O(C)[C@H]1[C@@H](C[NH3+])O[C@@H]1c1onc(-c2ccccc2)n1,2.219,0.963,0,78,0,17.7,0,0,83 ± 0,907 ± 142*
,S(=O)(=O)(NCC[NH3+])c1c2c(cncc2)ccc1,2.171,0.99,1,58,0,25.8,1,0,235 ± 38,316 ± 12*
,F[C@@H]1[C@@H](C[NH3+])O[C@@H]1c1onc(-c2ccccc2)n1,2.183,0.92,0,78,0,17.7,0,0,213 ± 1,1867 ± 127*
,O(C)[C@H]1[C@@H](C[NH3+])O[C@@H]1c1onc(-c2ccncc2)n1,2.238,0.996,1,78,0,17.7,0,0,0 ± 0,14 ± 5
,Clc1ccc(C(N(C2)c3cncc4c3CCCC4[NH3+])=O)c2c1,2.179,0.984,1,55,0,17.7,0,0,222 ± 11,500 ± 10*
,O=C(N[C@@H](C(=O)N1C[C@](C(=O)N(N(C)C)C)(Cc2ccccc2)CCC1)Cc1c2c([nH]c1)cccc2)C([NH3+])(C)C,2.176,0.852,0,85,1,29.1,1,0,226 ± 12,426 ± 7*
,O=[S@H0]1c2c(cccc2)CN(c2nc(NCC3([NH3+])COC3)c3sccc3n2)CC1,2.188,1.403,1,151,1,23.4,1,0,191 ± 5,275 ± 51
,FC(F)(F)c1ccc(/C(=N\OCC[NH3+])/CCCCOC)cc1,2.191,0.952,0,55,0,17.7,0,0,168 ± 5,n.d.
,Clc1nc(Cl)cc(C(=O)Nc2cc3OC[C@H]([NH3+])Cc3cc2)c1,2.213,0.973,0,69,0,23.4,1,0,97 ± 26,1369 ± 164*
,CC([C@@H](C(OCCOCn1c2c(C(NC(N)=N2)=O)nc1)=O)[NH3+])C,2.231,0.36,0,109,1,23.4,1,0,44 ± 5,141 ± 6
,O=C1N(c2cnc(C[NH3+])nc2)c2c(C1(C)C)ccc(-c1cnc(C)nc1)c2,2.187,0.908,0,74,0,17.7,0,0,193 ± 3,130 ± 1
,O=C1N(CC[NH3+])N=C(c2cc3c(cc2)CCC3)c2c1cccc2,2.167,0.882,0,59,0,17.7,0,0,242 ± 19,282 ± 4*
,Clc1ccc(-c2ccc(C[NH3+])cc2)cc1,2.175,0.996,1,39,0,17.7,0,0,231 ± 24,525 ± 115*
,O=C(N[C@@H]1C(=O)N(Cc2c(OC)ccc3c2cccc3)c2c(N(C(=O)c3ccc(N)cc3)C1)cccc2)[C@@H]([NH3+])C,2.236,0.737,0,110,1,41.2,1,0,14 ± 0,11 ± 0
,O=C(Nc1c2c(nc(N3Cc4c(S(=O)(=O)CC3)cccc4)c1)ccc(C)c2)C([NH3+])(C)C,2.215,1.362,1,98,1,23.4,1,0,92 ± 6,273 ± 4
,Clc1nc(Cl)cc(C(=O)Nc2cc3c(cc2)C[C@@H]([NH3+])CC3)c1,2.232,0.998,1,69,0,23.4,1,0,42 ± 13,768 ± 24*
,FC(F)(F)c1cnc(Nc2cc3c(cc2)C[C@@H]([NH3+])CC3)nc1,2.162,0.998,1,62,0,.23.4,1,0,257 ± 26,1092 ± 62*
,O=C1[C@@H](C)[C@H]2[C@@H](O1)c1c(C)c(C[NH3+])cc(C)c1CC2,2.204,0.995,1,59,0,17.7,0,0,131 ± 67,272 ± 18
,O(C)[C@H]1[C@@H](C[NH3+])O[C@@H]1c1onc(-c2ccccc2)n1,2.219,0.963,0,78,0,17.7,0,0,83 ± 0,907 ± 142*
,S(CC(=O)O[C@H]1[C@]2(C)[C@H](C)CC[C@]3([C@@H](C)[C@H](O)[C@@](C=C)(C)C1)[C@H]2C(=O)CC3)CC[NH3+],2.216,0.998,1,73,0,17.7,0,0,88 ± 4,20 ± 5
,O=S1c2ccccc2CN(CC1)c(nc3NCC4(COC4)[NH3+])nc5c3sc(C)c5,2.186,1.406,1,151,1,23.4,1,0,212 ± 16,549 ± 6*
,Fc1cc(CN2C(=O)N(C)C(=O)C=C2N2C[C@H]([NH3+])CCC2)c(C#N)cc1,2.211,1.89,1,130,1,17.7,0,0,105 ± 3,189 ± 7
,FC(F)(F)c1nc(C(=O)Nc2cc3OC[C@@H]([NH3+])Cc3cc2)cc(C)n1,2.217,0.973,0,78,0,23.4,1,0,87 ± 3,208 ± 4
,O=C(OC)[C@H]1c2c(C)cccc2[C@]2([NH3+])[C@]31C[C@H](C)[C@@](O)(C3)CC2,2.21,0.978,0,51,0,17.7,0,0,113 ± 18,215 ± 53
,O=S(C1=CC=CC=C1)(c2ccc([C@@H](CCC3)C[NH3+])c3c2)=O,2.173,0.998,1,46,0,17.7,0,0,232 ± 4,245 ± 4
,Clc1ccc(C(N(C2)c3cncc4c3CCCC4[NH3+])=O)c2c1,2.179,0.984,1,55,0,17.7,0,0,222 ± 11,500 ± 10*
,FC(F)(F)c1cnc(Nc2cc3c(cc2)C[C@@H]([NH3+])CC3)nc1,2.162,0.998,1,62,0,.23.4,1,0,257 ± 26,1092 ± 62*
,O=S(C)(n1cc(CN(C2)[C@@H]3C[C@@H]([C@H](OC3)c4c(F)ccc(F)c4)[NH3+])c2n1)=O,2.212,1.229,1,82,1,17.7,0,0,99 ± 7,223 ± 6
,O=C(OC)[C@H]1c2c(C)cccc2[C@]2([NH3+])[C@]31C[C@@H](C)[C@@](O)(C3)CC2,2.205,0.978,0,51,0,17.7,0,0,130 ± 6,221 ± 26
,O=C1N(c2ccc(c3cncc(C4(CC4)[NH3+])c3)cc2CC1)C,2.209,0.979,0,52,0,17.7,0,0,113 ± 1,495 ± 96
,FC(F)(F)c1nc(C(=O)Nc2cc3OC[C@@H]([NH3+])Cc3cc2)cc(C)n1,2.217,0.973,0,78,0,23.4,1,0,87 ± 3,208 ± 4
,O=C(OC)[C@H]1c2c(C)cccc2[C@]2([NH3+])[C@]31C[C@H](C)[C@@](O)(C3)CC2,2.21,0.978,0,51,0,17.7,0,0,113 ± 18,215 ± 53
,O=C(N(CC)CC)[C@]1([C@@H](C[NH3+])C1)c1ccccc1,2.164,0.997,1,52,0,17.7,0,0,251 ± 5,445 ± 29
,CC([C@@H](C(OC[C@@H](OCn1c2c(C(NC(N)=N2)=O)nc1)CO)=O)[NH3+])C,2.228,0.352,0,119,1,23.4,1,0,70 ± 7,165 ± 9
,O(C)c1c(OC)ccc(CC[NH3+])c1,2.172,0.998,1,39,0,17.7,0,0,233 ± 17,255 ± 19
,O(CC)c1ccc(/C=C\2/C(=O)N(CC[NH3+])C(=O)S/2)cc1,2.182,0.915,0,67,0,17.7,0,0,217 ± 29,140 ± 18
,O=C(N(CC)CC)[C@]1([C@@H](C[NH3+])C1)c1ccccc1,2.164,0.997,1,52,0,17.7,0,0,251 ± 5,445 ± 29
,O(C)c1c(OC)ccc(CC[NH3+])c1,2.172,0.998,1,39,0,17.7,0,0,233 ± 17,255 ± 19
,O=C(N(CC)CC)[C@]1([C@@H](C[NH3+])C1)c1ccccc1,2.164,0.997,1,52,0,17.7,0,0,251 ± 5,445 ± 29
,O=C1N(CC[NH3+])N=C(c2cc3c(cc2)CCC3)c2c1cccc2,2.167,0.882,0,59,0,17.7,0,0,242 ± 19,282 ± 4*
,Nc1ccc(S(O[C@@H]2CO[C@@]3([H])[C@]2([H])OC[C@@H]3[NH3+])(=O)=O)cc1,2.17,0.837,0,58,0,35.5,1,0,235 ± 17,331 ± 68
,Clc1ccc(-c2ccc(C[NH3+])cc2)cc1,2.175,0.996,1,39,0,17.7,0,0,231 ± 24,525 ± 115*
,CC([C@@H](C(OCCOCn1c2c(C(NC(N)=N2)=O)nc1)=O)[NH3+])C,2.231,0.36,0,109,1,23.4,1,0,44 ± 5,141 ± 6
,O=S(C1=CC=CC=C1)(c2ccc([C@@H](CCC3)C[NH3+])c3c2)=O,2.173,0.998,1,46,0,17.7,0,0,232 ± 4,245 ± 4
,O=C(Nc1c2c(nc(N3Cc4c(S(=O)(=O)CC3)cccc4)c1)ccc(C)c2)C([NH3+])(C)C,2.215,1.362,1,98,1,23.4,1,0,92 ± 6,273 ± 4
,O=[S@H0]1c2c(cccc2)CN(c2nc(NCC3([NH3+])COC3)c3sccc3n2)CC1,2.188,1.403,1,151,1,23.4,1,0,191 ± 5,275 ± 51
,OC1=C(OC)C=CC2=C1[C@@]3(CC[N@H+]4C)[C@@](C[C@@H](OC)[C@H]([NH3+])C3)([H])[C@@H]4C2,2.199,1.966,1,88,1,17.7,0,0,141 ± 4,256 ± 11
,COc(c1)ccc2c1c([C@@H]([C@H]3[N@](C[C@@H]4C=C)CC[C@H]4C3)N)ccn2,2.178,1.132,1,65,0,0,0,0,224 ± 11,167 ± 12
,O=C1N(Cc2nc(C)c3c(n2)cccc3)C(=O)c2n(CC#CC)c(N3C[C@H]([NH3+])CCC3)nc2N1C,2.222,0.991,1,157,1,17.7,0,0,74 ± 4,110 ± 5
